date,日最高温,日降水量,日均风速,高温日,city
2025-08-01,38.5,0.8,6.75,1,南昌
2025-08-02,38.2,5.6,4.795833333333333,1,南昌
2025-08-03,38.4,0.8,8.112499999999999,1,南昌
2025-08-04,39.1,0.1,9.991666666666667,1,南昌
2025-08-05,38.7,0.8,8.495833333333334,1,南昌
2025-08-06,36.6,1.0,14.4375,1,南昌
2025-08-07,34.2,1.1,15.445833333333333,1,南昌
2025-08-08,36.2,0.1,13.745833333333332,1,南昌
2025-08-09,37.8,0.0,15.395833333333334,1,南昌
2025-08-10,38.2,0.0,13.666666666666666,1,南昌
2025-08-11,37.5,0.2,10.762500000000001,1,南昌
2025-08-12,37.7,1.0,7.629166666666666,1,南昌
2025-08-13,35.8,2.5,6.4375,1,南昌
2025-08-14,36.8,0.4,13.237499999999999,1,南昌
2025-08-15,37.7,0.3,5.483333333333333,1,南昌
2025-08-16,39.2,0.0,5.1875,1,南昌
2025-08-17,39.3,0.0,4.870833333333334,1,南昌
2025-08-18,38.2,0.0,6.295833333333333,1,南昌
2025-08-19,38.0,0.2,12.983333333333334,1,南昌
2025-08-20,37.3,0.1,12.891666666666666,1,南昌
2025-08-21,37.4,1.6,12.820833333333333,1,南昌
2025-08-22,34.8,2.2,7.254166666666666,1,南昌
2025-08-23,35.0,1.0,4.829166666666667,1,南昌
2025-08-24,38.7,1.2,7.0,1,南昌
2025-08-25,38.9,0.0,6.704166666666667,1,南昌
2025-08-26,37.6,1.9,5.333333333333333,1,南昌
2025-08-27,37.5,0.0,4.708333333333333,1,南昌
2025-08-28,38.2,0.0,5.175,1,南昌
2025-08-29,39.3,0.1,3.7083333333333335,1,南昌
2025-08-30,36.3,1.7,5.816666666666666,1,南昌
2025-08-31,34.0,0.6,3.920833333333333,1,南昌
2025-08-01,34.7,0.1,6.220833333333334,1,长沙
2025-08-02,36.9,0.3,4.441666666666666,1,长沙
2025-08-03,37.8,1.3,7.283333333333334,1,长沙
2025-08-04,39.3,0.2,6.4750000000000005,1,长沙
2025-08-05,37.3,3.9,6.470833333333334,1,长沙
2025-08-06,35.2,1.5,10.854166666666666,1,长沙
2025-08-07,33.0,11.5,12.483333333333334,1,长沙
2025-08-08,34.6,4.2,12.366666666666667,1,长沙
2025-08-09,37.5,0.1,14.116666666666667,1,长沙
2025-08-10,38.7,1.2,11.3375,1,长沙
2025-08-11,34.5,1.1,8.4625,1,长沙
2025-08-12,36.3,0.0,6.391666666666667,1,长沙
2025-08-13,31.8,7.8,7.5375000000000005,1,长沙
2025-08-14,35.5,0.9,11.879166666666668,1,长沙
2025-08-15,35.8,0.4,11.420833333333334,1,长沙
2025-08-16,37.4,0.0,3.9166666666666665,1,长沙
2025-08-17,39.4,0.0,5.5125,1,长沙
2025-08-18,39.3,0.2,7.191666666666666,1,长沙
2025-08-19,37.6,0.3,12.408333333333333,1,长沙
2025-08-20,37.2,0.6,13.924999999999999,1,长沙
2025-08-21,35.4,1.4,13.466666666666667,1,长沙
2025-08-22,33.0,1.1,12.783333333333333,1,长沙
2025-08-23,36.0,0.1,9.025,1,长沙
2025-08-24,38.5,0.4,8.625,1,长沙
2025-08-25,39.8,0.0,6.716666666666666,1,长沙
2025-08-26,39.8,0.1,6.175,1,长沙
2025-08-27,40.1,0.0,6.9624999999999995,1,长沙
2025-08-28,38.3,0.4,6.941666666666666,1,长沙
2025-08-29,38.0,0.1,4.308333333333333,1,长沙
2025-08-30,35.5,11.2,6.554166666666667,1,长沙
2025-08-31,35.3,7.3,4.204166666666667,1,长沙
2025-08-01,35.8,4.4,6.833333333333333,1,武汉
2025-08-02,35.8,1.2,5.654166666666666,1,武汉
2025-08-03,39.5,5.8,4.970833333333333,1,武汉
2025-08-04,39.9,0.3,7.708333333333333,1,武汉
2025-08-05,40.0,0.1,7.6499999999999995,1,武汉
2025-08-06,33.9,14.5,5.9624999999999995,1,武汉
2025-08-07,32.5,19.0,6.7749999999999995,1,武汉
2025-08-08,33.4,0.2,7.970833333333334,1,武汉
2025-08-09,35.0,0.1,10.25,1,武汉
2025-08-10,33.2,33.7,4.908333333333333,1,武汉
2025-08-11,27.1,40.2,6.95,0,武汉
2025-08-12,29.4,6.5,3.920833333333333,0,武汉
2025-08-13,31.6,10.2,6.125,1,武汉
2025-08-14,33.5,0.9,9.095833333333333,1,武汉
2025-08-15,34.0,0.0,7.466666666666666,1,武汉
2025-08-16,35.0,0.0,5.4624999999999995,1,武汉
2025-08-17,36.2,0.0,5.316666666666666,1,武汉
2025-08-18,36.3,0.0,7.579166666666667,1,武汉
2025-08-19,35.8,0.0,8.924999999999999,1,武汉
2025-08-20,36.2,0.0,11.174999999999999,1,武汉
2025-08-21,36.3,0.5,10.35,1,武汉
2025-08-22,35.2,3.7,8.995833333333334,1,武汉
2025-08-23,33.3,2.5,9.479166666666666,1,武汉
2025-08-24,37.5,0.5,9.533333333333333,1,武汉
2025-08-25,38.7,0.5,7.204166666666667,1,武汉
2025-08-26,37.9,0.0,7.808333333333334,1,武汉
2025-08-27,38.2,0.0,7.4750000000000005,1,武汉
2025-08-28,39.0,0.0,6.7749999999999995,1,武汉
2025-08-29,36.8,0.8,4.416666666666667,1,武汉
2025-08-30,35.0,4.6,5.7749999999999995,1,武汉
2025-08-31,29.8,12.7,4.2124999999999995,0,武汉
2025-08-01,30.2,9.6,13.470833333333333,1,南京
2025-08-02,30.6,25.5,7.604166666666667,1,南京
2025-08-03,33.0,0.2,7.3625,1,南京
2025-08-04,34.3,0.0,6.066666666666666,1,南京
2025-08-05,33.3,1.4,7.295833333333333,1,南京
2025-08-06,33.6,0.5,9.304166666666667,1,南京
2025-08-07,33.0,0.6,8.933333333333334,1,南京
2025-08-08,32.0,4.4,8.120833333333334,1,南京
2025-08-09,32.8,1.3,10.141666666666667,1,南京
2025-08-10,30.5,13.6,6.383333333333333,1,南京
2025-08-11,27.8,30.6,5.254166666666666,0,南京
2025-08-12,29.0,4.6,5.220833333333333,0,南京
2025-08-13,28.9,22.7,5.895833333333333,0,南京
2025-08-14,33.1,0.0,12.829166666666666,1,南京
2025-08-15,34.2,0.0,10.591666666666667,1,南京
2025-08-16,35.0,0.0,10.054166666666667,1,南京
2025-08-17,35.5,0.0,9.479166666666666,1,南京
2025-08-18,36.2,0.0,9.229166666666666,1,南京
2025-08-19,37.0,0.1,7.858333333333333,1,南京
2025-08-20,37.4,0.0,9.316666666666666,1,南京
2025-08-21,38.2,4.6,7.2625,1,南京
2025-08-22,37.6,0.5,7.8875,1,南京
2025-08-23,35.8,0.9,8.720833333333333,1,南京
2025-08-24,36.2,0.7,7.208333333333333,1,南京
2025-08-25,36.8,2.5,5.054166666666666,1,南京
2025-08-26,33.5,0.4,3.733333333333333,1,南京
2025-08-27,35.3,0.4,5.783333333333334,1,南京
2025-08-28,36.8,0.8,6.7749999999999995,1,南京
2025-08-29,38.3,0.0,7.183333333333334,1,南京
2025-08-30,34.7,17.6,4.970833333333333,1,南京
2025-08-31,31.0,4.4,6.3875,1,南京
2025-08-01,32.0,3.0,10.625,1,上海
2025-08-02,31.5,22.5,6.991666666666667,1,上海
2025-08-03,32.3,8.1,8.841666666666667,1,上海
2025-08-04,33.1,0.5,5.6375,1,上海
2025-08-05,32.6,0.3,9.245833333333334,1,上海
2025-08-06,33.8,3.3,8.579166666666667,1,上海
2025-08-07,34.8,0.0,6.970833333333334,1,上海
2025-08-08,35.9,0.1,7.470833333333334,1,上海
2025-08-09,36.4,0.3,9.129166666666666,1,上海
2025-08-10,35.5,2.1,7.383333333333333,1,上海
2025-08-11,33.4,5.6,4.3999999999999995,1,上海
2025-08-12,36.0,3.7,6.125,1,上海
2025-08-13,35.3,0.2,15.483333333333334,1,上海
2025-08-14,35.8,0.0,14.195833333333333,1,上海
2025-08-15,36.0,0.0,12.520833333333334,1,上海
2025-08-16,36.0,0.0,11.924999999999999,1,上海
2025-08-17,37.1,0.0,11.2875,1,上海
2025-08-18,36.3,0.9,11.754166666666668,1,上海
2025-08-19,37.5,0.8,10.525,1,上海
2025-08-20,37.8,0.5,7.170833333333333,1,上海
2025-08-21,39.0,0.0,5.758333333333333,1,上海
2025-08-22,37.8,0.0,6.908333333333334,1,上海
2025-08-23,39.1,0.2,6.675,1,上海
2025-08-24,40.1,3.5,7.533333333333334,1,上海
2025-08-25,36.8,3.5,6.645833333333333,1,上海
2025-08-26,33.0,9.2,3.6333333333333333,1,上海
2025-08-27,34.0,0.0,8.729166666666666,1,上海
2025-08-28,34.5,0.0,11.633333333333333,1,上海
2025-08-29,35.5,0.0,11.616666666666667,1,上海
2025-08-30,36.2,0.1,11.245833333333332,1,上海
2025-08-31,36.0,4.6,6.658333333333334,1,上海
